run_id,pipeline,pipeline_mode,benchmark_mode,platform_label,system,machine,python_version,logical_cpu_count,input_file,configured_message_rate,duration_seconds,target_messages,measured_messages,achieved_message_rate,warmup_messages_total,warmup_device_counts,failed_messages,deadline_misses,deadline_miss_rate,elapsed_seconds,total_latency_mean_ms,total_latency_p95_ms,model_inference_mean_ms,process_peak_memory_before_mb,process_peak_memory_after_mb,temperature_before_c,temperature_after_c,throttled_before,throttled_after,process_cpu_seconds,cpu_time_per_message_ms,cpu_percent_single_core_equivalent,cpu_percent_total_machine_capacity
1,logistic_regression,comparison,fixed_incoming_message_rate,macbook_emulated_edge_gateway,Darwin,arm64,3.11.15,12,data/raw/multiview_v2_runs/gradual_run_01.csv,3.0,20.0,60,60,2.9997899522001825,102,"{'meter_01': 34, 'meter_02': 34, 'meter_03': 34}",0,0,0.0,20.001400416716933,3.2734048552811146,5.054029752500355,0.9508312369386355,151.03125,151.609375,,,,,0.19655100000000003,3.2758500000000006,0.9826861914914969,0.08189051595762474
2,logistic_regression,comparison,fixed_incoming_message_rate,macbook_emulated_edge_gateway,Darwin,arm64,3.11.15,12,data/raw/multiview_v2_runs/gradual_run_01.csv,3.0,20.0,60,60,2.9992445652665203,102,"{'meter_01': 34, 'meter_02': 34, 'meter_03': 34}",0,0,0.0,20.00503750005737,4.067417397163808,5.205937498249114,1.0923137965922554,150.84375,151.453125,,,,,0.24327100000000002,4.054516666666666,1.216048707728253,0.10133739231068774
3,logistic_regression,comparison,fixed_incoming_message_rate,macbook_emulated_edge_gateway,Darwin,arm64,3.11.15,12,data/raw/multiview_v2_runs/gradual_run_01.csv,3.0,20.0,60,60,2.9997678116635824,102,"{'meter_01': 34, 'meter_02': 34, 'meter_03': 34}",0,0,0.0,20.00154804205522,4.0965506962190075,5.398079031147063,1.1049451306462288,151.03125,151.65625,,,,,0.24534299999999998,4.089049999999999,1.2266200570282972,0.10221833808569143
4,logistic_regression,comparison,fixed_incoming_message_rate,macbook_emulated_edge_gateway,Darwin,arm64,3.11.15,12,data/raw/multiview_v2_runs/gradual_run_01.csv,3.0,20.0,60,60,2.9984937191218757,102,"{'meter_01': 34, 'meter_02': 34, 'meter_03': 34}",0,0,0.0,20.010046917013824,4.1535694772998495,5.28603356797248,1.102730577501158,150.84375,151.453125,,,,,0.25017100000000003,4.169516666666667,1.250226953677398,0.1041855794731165
5,logistic_regression,comparison,fixed_incoming_message_rate,macbook_emulated_edge_gateway,Darwin,arm64,3.11.15,12,data/raw/multiview_v2_runs/gradual_run_01.csv,3.0,20.0,60,60,2.9990084091770335,102,"{'meter_01': 34, 'meter_02': 34, 'meter_03': 34}",0,0,0.0,20.00661279121414,4.043141674871246,5.408881162293255,1.1216979396219056,150.828125,151.4375,,,,,0.24226999999999999,4.037833333333333,1.2109496121521997,0.10091246767934997
1,logistic_regression,comparison,fixed_incoming_message_rate,macbook_emulated_edge_gateway,Darwin,arm64,3.11.15,12,data/raw/multiview_v2_runs/gradual_run_01.csv,10.0,20.0,200,200,9.999084667274706,102,"{'meter_01': 34, 'meter_02': 34, 'meter_03': 34}",0,0,0.0,20.001830833032727,3.8008925458416343,5.1271094009280205,1.0656499699689448,150.8125,151.4375,,,,,0.759333,3.7966650000000004,3.796317478827852,0.316359789902321
2,logistic_regression,comparison,fixed_incoming_message_rate,macbook_emulated_edge_gateway,Darwin,arm64,3.11.15,12,data/raw/multiview_v2_runs/gradual_run_01.csv,10.0,20.0,200,200,9.997482675447355,102,"{'meter_01': 34, 'meter_02': 34, 'meter_03': 34}",0,0,0.0,20.005035916808993,3.7963070813566446,5.063993926160037,1.0774703742936254,150.78125,151.390625,,,,,0.7609990000000001,3.8049950000000003,3.804037159266381,0.3170030966055318
3,logistic_regression,comparison,fixed_incoming_message_rate,macbook_emulated_edge_gateway,Darwin,arm64,3.11.15,12,data/raw/multiview_v2_runs/gradual_run_01.csv,10.0,20.0,200,200,9.997477219483818,102,"{'meter_01': 34, 'meter_02': 34, 'meter_03': 34}",0,0,0.0,20.005046834237874,3.91527789644897,5.17529770731926,1.115863947197795,150.671875,151.28125,,,,,0.788066,3.9403300000000008,3.9393359412248676,0.3282779951020723
4,logistic_regression,comparison,fixed_incoming_message_rate,macbook_emulated_edge_gateway,Darwin,arm64,3.11.15,12,data/raw/multiview_v2_runs/gradual_run_01.csv,10.0,20.0,200,200,9.998205530522284,102,"{'meter_01': 34, 'meter_02': 34, 'meter_03': 34}",0,0,0.0,20.003589583095163,3.772780210711062,5.459812330082057,1.0726560093462467,150.703125,151.34375,,,,,0.7568750000000001,3.7843750000000003,3.783695905457027,0.3153079921214189
5,logistic_regression,comparison,fixed_incoming_message_rate,macbook_emulated_edge_gateway,Darwin,arm64,3.11.15,12,data/raw/multiview_v2_runs/gradual_run_01.csv,10.0,20.0,200,200,9.996747225473374,102,"{'meter_01': 34, 'meter_02': 34, 'meter_03': 34}",0,0,0.0,20.006507665850222,3.7948237312957644,5.424183141440153,1.084689307026565,150.765625,151.421875,,,,,0.761297,3.806485,3.805246836255602,0.31710390302130015
1,logistic_regression,comparison,fixed_incoming_message_rate,macbook_emulated_edge_gateway,Darwin,arm64,3.11.15,12,data/raw/multiview_v2_runs/gradual_run_01.csv,25.0,20.0,500,500,24.994268814166574,102,"{'meter_01': 34, 'meter_02': 34, 'meter_03': 34}",0,0,0.0,20.00458599999547,3.7246538307517767,5.237136594951153,1.0724988132715225,150.75,151.390625,,,,,1.860395,3.72079,9.299842546106284,0.7749868788421903
2,logistic_regression,comparison,fixed_incoming_message_rate,macbook_emulated_edge_gateway,Darwin,arm64,3.11.15,12,data/raw/multiview_v2_runs/gradual_run_01.csv,25.0,20.0,500,500,24.993708719043283,102,"{'meter_01': 34, 'meter_02': 34, 'meter_03': 34}",0,0,0.0,20.0050342916511,3.284900413826108,4.592064744792878,1.0427204445004463,150.4375,151.0625,,,,,1.660558,3.321116,8.300700592615415,0.691725049384618
3,logistic_regression,comparison,fixed_incoming_message_rate,macbook_emulated_edge_gateway,Darwin,arm64,3.11.15,12,data/raw/multiview_v2_runs/gradual_run_01.csv,25.0,20.0,500,500,24.987444174466443,102,"{'meter_01': 34, 'meter_02': 34, 'meter_03': 34}",0,0,0.0,20.01004970772192,3.96640223544091,5.25220357812941,1.1021779058501124,150.859375,151.5,,,,,1.981428,3.962856,9.902164307144938,0.8251803589287449
4,logistic_regression,comparison,fixed_incoming_message_rate,macbook_emulated_edge_gateway,Darwin,arm64,3.11.15,12,data/raw/multiview_v2_runs/gradual_run_01.csv,25.0,20.0,500,500,24.987452655531303,102,"{'meter_01': 34, 'meter_02': 34, 'meter_03': 34}",0,0,0.0,20.010042916052043,3.8107831925153732,5.3191947750747195,1.0841678380966187,150.875,151.515625,,,,,1.9075969999999998,3.8151939999999995,9.533197944666709,0.794433162055559
5,logistic_regression,comparison,fixed_incoming_message_rate,macbook_emulated_edge_gateway,Darwin,arm64,3.11.15,12,data/raw/multiview_v2_runs/gradual_run_01.csv,25.0,20.0,500,500,24.99469794695945,102,"{'meter_01': 34, 'meter_02': 34, 'meter_03': 34}",0,0,0.0,20.00424254219979,3.6111645232886076,5.289847822859882,1.0226139277219772,150.78125,151.4375,,,,,1.808533,3.617066,9.040747212421683,0.7533956010351402
1,open_set,open_set,fixed_incoming_message_rate,macbook_emulated_edge_gateway,Darwin,arm64,3.11.15,12,data/raw/multiview_v2_runs/gradual_run_01.csv,3.0,20.0,60,60,2.9992411982797504,102,"{'meter_01': 34, 'meter_02': 34, 'meter_03': 34}",0,0,0.0,20.005059957969934,23.834040892931323,27.252014190889895,21.143512427806854,165.171875,165.921875,,,,,1.42564,23.760666666666665,7.126397036525906,0.5938664197104921
2,open_set,open_set,fixed_incoming_message_rate,macbook_emulated_edge_gateway,Darwin,arm64,3.11.15,12,data/raw/multiview_v2_runs/gradual_run_01.csv,3.0,20.0,60,60,2.9992440841781867,102,"{'meter_01': 34, 'meter_02': 34, 'meter_03': 34}",0,0,0.0,20.0050407089293,24.99500138995548,27.33903795015067,22.09637355214606,165.375,166.15625,,,,,1.493016,24.883599999999998,7.463199009305632,0.6219332507754693
3,open_set,open_set,fixed_incoming_message_rate,macbook_emulated_edge_gateway,Darwin,arm64,3.11.15,12,data/raw/multiview_v2_runs/gradual_run_01.csv,3.0,20.0,60,60,2.999243447125595,102,"{'meter_01': 34, 'meter_02': 34, 'meter_03': 34}",0,0,0.0,20.005044958088547,25.323906952204805,27.25952253676951,22.325763913492363,164.9375,165.78125,,,,,1.510838,25.18063333333333,7.552284951947233,0.6293570793289361
4,open_set,open_set,fixed_incoming_message_rate,macbook_emulated_edge_gateway,Darwin,arm64,3.11.15,12,data/raw/multiview_v2_runs/gradual_run_01.csv,3.0,20.0,60,60,2.9998945224863602,102,"{'meter_01': 34, 'meter_02': 34, 'meter_03': 34}",0,0,0.0,20.00070320814848,24.448226462118328,26.288226526230574,21.234656986780465,165.296875,166.109375,,,,,1.463508,24.3918,7.317282721358281,0.6097735601131901
5,open_set,open_set,fixed_incoming_message_rate,macbook_emulated_edge_gateway,Darwin,arm64,3.11.15,12,data/raw/multiview_v2_runs/gradual_run_01.csv,3.0,20.0,60,60,2.99849302621588,102,"{'meter_01': 34, 'meter_02': 34, 'meter_03': 34}",0,0,0.0,20.010051541030407,24.294270171473425,26.176533475518227,21.445751407494146,165.171875,165.921875,,,,,1.4539970000000002,24.233283333333336,7.266333107731353,0.6055277589776128
1,open_set,open_set,fixed_incoming_message_rate,macbook_emulated_edge_gateway,Darwin,arm64,3.11.15,12,data/raw/multiview_v2_runs/gradual_run_01.csv,10.0,20.0,200,200,9.997474866754098,102,"{'meter_01': 34, 'meter_02': 34, 'meter_03': 34}",0,0,0.0,20.00505154207349,21.398697348777205,24.514223169535395,19.318195218220353,165.1875,166.125,,,,,4.261796,21.308980000000002,21.303599198616574,1.775299933218048
2,open_set,open_set,fixed_incoming_message_rate,macbook_emulated_edge_gateway,Darwin,arm64,3.11.15,12,data/raw/multiview_v2_runs/gradual_run_01.csv,10.0,20.0,200,200,9.997464226658305,102,"{'meter_01': 34, 'meter_02': 34, 'meter_03': 34}",0,0,0.0,20.005072833038867,18.892400418408215,21.14777637179941,17.09023209521547,164.453125,165.578125,,,,,3.7818559999999994,18.909279999999995,18.904485035186536,1.5753737529322114
3,open_set,open_set,fixed_incoming_message_rate,macbook_emulated_edge_gateway,Darwin,arm64,3.11.15,12,data/raw/multiview_v2_runs/gradual_run_01.csv,10.0,20.0,200,200,9.997459478625842,102,"{'meter_01': 34, 'meter_02': 34, 'meter_03': 34}",0,0,0.0,20.00508233392611,19.701662093866616,23.845163988880813,17.745454751420766,165.0625,165.90625,,,,,3.928754,19.64377,19.6387794582446,1.6365649548537167
4,open_set,open_set,fixed_incoming_message_rate,macbook_emulated_edge_gateway,Darwin,arm64,3.11.15,12,data/raw/multiview_v2_runs/gradual_run_01.csv,10.0,20.0,200,200,9.994977170168607,102,"{'meter_01': 34, 'meter_02': 34, 'meter_03': 34}",0,0,0.0,20.010050707962364,21.85250747250393,24.887940101325512,19.668018161319196,164.78125,165.703125,,,,,4.360918,21.804589999999997,21.79363792548867,1.8161364937907225
5,open_set,open_set,fixed_incoming_message_rate,macbook_emulated_edge_gateway,Darwin,arm64,3.11.15,12,data/raw/multiview_v2_runs/gradual_run_01.csv,10.0,20.0,200,200,9.99498547434677,102,"{'meter_01': 34, 'meter_02': 34, 'meter_03': 34}",0,0,0.0,20.010034082923084,19.972835208754987,23.574031330645084,18.02589393686503,164.828125,165.671875,,,,,3.9907179999999998,19.953590000000002,19.943584221107095,1.6619653517589246
1,open_set,open_set,fixed_incoming_message_rate,macbook_emulated_edge_gateway,Darwin,arm64,3.11.15,12,data/raw/multiview_v2_runs/gradual_run_01.csv,25.0,20.0,500,500,24.997387356777686,102,"{'meter_01': 34, 'meter_02': 34, 'meter_03': 34}",0,0,0.0,20.002090333029628,12.527016755193472,13.078512554056942,11.489709307439625,164.96875,165.09375,,,,,6.276178,12.552356,31.377610517217253,2.614800876434771
2,open_set,open_set,fixed_incoming_message_rate,macbook_emulated_edge_gateway,Darwin,arm64,3.11.15,12,data/raw/multiview_v2_runs/gradual_run_01.csv,25.0,20.0,500,500,24.993717516779274,102,"{'meter_01': 34, 'meter_02': 34, 'meter_03': 34}",0,0,0.0,20.005027249921113,12.315180508419871,13.145552133210003,11.281637895852327,165.0,165.234375,,,,,6.1694130000000005,12.338826000000001,30.839313153269153,2.5699427627724294
3,open_set,open_set,fixed_incoming_message_rate,macbook_emulated_edge_gateway,Darwin,arm64,3.11.15,12,data/raw/multiview_v2_runs/gradual_run_01.csv,25.0,20.0,500,500,24.99702410402776,102,"{'meter_01': 34, 'meter_02': 34, 'meter_03': 34}",0,0,0.0,20.00238100020215,12.67669939994812,13.4103151736781,11.616219004616141,164.859375,165.046875,,,,,6.350182,12.700364,31.747130503792643,2.645594208649387
4,open_set,open_set,fixed_incoming_message_rate,macbook_emulated_edge_gateway,Darwin,arm64,3.11.15,12,data/raw/multiview_v2_runs/gradual_run_01.csv,25.0,20.0,500,500,24.991154952534572,102,"{'meter_01': 34, 'meter_02': 34, 'meter_03': 34}",0,0,0.0,20.007078542374074,12.433852078393102,13.31120845861733,11.387255601584911,164.984375,165.140625,,,,,6.2291240000000005,12.458248000000001,31.134600620510394,2.5945500517091995
5,open_set,open_set,fixed_incoming_message_rate,macbook_emulated_edge_gateway,Darwin,arm64,3.11.15,12,data/raw/multiview_v2_runs/gradual_run_01.csv,25.0,20.0,500,500,24.993710541771705,102,"{'meter_01': 34, 'meter_02': 34, 'meter_03': 34}",0,0,0.0,20.005032832734287,12.408030750229955,13.179891556501389,11.368502624332905,164.75,165.171875,,,,,6.209943000000001,12.419886000000002,31.041903564580288,2.586825297048357
1,random_forest,comparison,fixed_incoming_message_rate,macbook_emulated_edge_gateway,Darwin,arm64,3.11.15,12,data/raw/multiview_v2_runs/gradual_run_01.csv,3.0,20.0,60,60,2.999651653004192,102,"{'meter_01': 34, 'meter_02': 34, 'meter_03': 34}",0,0,0.0,20.002322582993656,22.849002806469798,25.5411172285676,20.112922927364707,174.703125,175.3125,,,,,1.3653939999999998,22.75656666666666,6.826177281836674,0.5688481068197229
2,random_forest,comparison,fixed_incoming_message_rate,macbook_emulated_edge_gateway,Darwin,arm64,3.11.15,12,data/raw/multiview_v2_runs/gradual_run_01.csv,3.0,20.0,60,60,2.9992424288194064,102,"{'meter_01': 34, 'meter_02': 34, 'meter_03': 34}",0,0,0.0,20.005051750224084,23.745374909291666,26.06234485283494,20.98286053321014,175.421875,175.53125,,,,,1.418194,23.636566666666667,7.089179361828515,0.5907649468190429
3,random_forest,comparison,fixed_incoming_message_rate,macbook_emulated_edge_gateway,Darwin,arm64,3.11.15,12,data/raw/multiview_v2_runs/gradual_run_01.csv,3.0,20.0,60,60,2.999258114762891,102,"{'meter_01': 34, 'meter_02': 34, 'meter_03': 34}",0,0,0.0,20.00494712498039,24.333775819589693,26.30450613796711,20.934579296347994,174.46875,175.015625,,,,,1.450318,24.171966666666666,7.24979671747781,0.6041497264564842
4,random_forest,comparison,fixed_incoming_message_rate,macbook_emulated_edge_gateway,Darwin,arm64,3.11.15,12,data/raw/multiview_v2_runs/gradual_run_01.csv,3.0,20.0,60,60,2.998490940731258,102,"{'meter_01': 34, 'meter_02': 34, 'meter_03': 34}",0,0,0.0,20.0100654582493,22.41432701703161,24.79562950320542,19.65110272479554,174.390625,174.96875,,,,,1.342295,22.371583333333334,6.70809899548144,0.5590082496234533
5,random_forest,comparison,fixed_incoming_message_rate,macbook_emulated_edge_gateway,Darwin,arm64,3.11.15,12,data/raw/multiview_v2_runs/gradual_run_01.csv,3.0,20.0,60,60,2.998492276998549,102,"{'meter_01': 34, 'meter_02': 34, 'meter_03': 34}",0,0,0.0,20.01005654083565,23.0362729402259,25.303212460130453,19.86921951174736,174.203125,174.75,,,,,1.377205,22.953416666666666,6.8825642605729795,0.573547021714415
1,random_forest,comparison,fixed_incoming_message_rate,macbook_emulated_edge_gateway,Darwin,arm64,3.11.15,12,data/raw/multiview_v2_runs/gradual_run_01.csv,10.0,20.0,200,200,9.999271552991733,102,"{'meter_01': 34, 'meter_02': 34, 'meter_03': 34}",0,0,0.0,20.001457000151277,20.806526886299253,24.152582813985646,18.5926780779846,174.296875,174.9375,,,,,4.148873,20.744365000000002,20.742853882937734,1.728571156911478
2,random_forest,comparison,fixed_incoming_message_rate,macbook_emulated_edge_gateway,Darwin,arm64,3.11.15,12,data/raw/multiview_v2_runs/gradual_run_01.csv,10.0,20.0,200,200,9.997473117682949,102,"{'meter_01': 34, 'meter_02': 34, 'meter_03': 34}",0,0,0.0,20.005055041983724,17.805368741974235,20.891304523684084,15.943546504713595,174.34375,175.0,,,,,3.562461,17.812305000000002,17.80780404014696,1.4839836700122466
3,random_forest,comparison,fixed_incoming_message_rate,macbook_emulated_edge_gateway,Darwin,arm64,3.11.15,12,data/raw/multiview_v2_runs/gradual_run_01.csv,10.0,20.0,200,200,9.997474138129519,102,"{'meter_01': 34, 'meter_02': 34, 'meter_03': 34}",0,0,0.0,20.00505300005898,21.41413292614743,24.029187695123255,19.125376224983484,174.4375,175.078125,,,,,4.270244,21.35122,21.345826976751376,1.7788189147292812
4,random_forest,comparison,fixed_incoming_message_rate,macbook_emulated_edge_gateway,Darwin,arm64,3.11.15,12,data/raw/multiview_v2_runs/gradual_run_01.csv,10.0,20.0,200,200,9.994983309332545,102,"{'meter_01': 34, 'meter_02': 34, 'meter_03': 34}",0,0,0.0,20.010038417298347,20.4677422856912,23.583754361607134,18.240351437125355,174.625,175.21875,,,,,4.08039,20.401950000000003,20.391714972783713,1.6993095810653094
5,random_forest,comparison,fixed_incoming_message_rate,macbook_emulated_edge_gateway,Darwin,arm64,3.11.15,12,data/raw/multiview_v2_runs/gradual_run_01.csv,10.0,20.0,200,200,9.99498528640824,102,"{'meter_01': 34, 'meter_02': 34, 'meter_03': 34}",0,0,0.0,20.010034459177405,21.141927076969296,24.21113329473883,18.979366035200655,174.296875,174.890625,,,,,4.213331,21.066655,21.05609067588386,1.7546742229903216
1,random_forest,comparison,fixed_incoming_message_rate,macbook_emulated_edge_gateway,Darwin,arm64,3.11.15,12,data/raw/multiview_v2_runs/gradual_run_01.csv,25.0,20.0,500,500,24.993718245172982,102,"{'meter_01': 34, 'meter_02': 34, 'meter_03': 34}",0,0,0.0,20.00502666691318,12.075498381629586,12.758397357538342,10.95848792605102,174.21875,174.359375,,,,,6.050326999999999,12.100653999999999,30.244033665832536,2.520336138819378
2,random_forest,comparison,fixed_incoming_message_rate,macbook_emulated_edge_gateway,Darwin,arm64,3.11.15,12,data/raw/multiview_v2_runs/gradual_run_01.csv,25.0,20.0,500,500,24.99372751183402,102,"{'meter_01': 34, 'meter_02': 34, 'meter_03': 34}",0,0,0.0,20.005019249860197,11.582118913531303,12.681177444756031,10.52421835437417,174.578125,175.03125,,,,,5.79762,11.59524,28.980826899431833,2.415068908285986
3,random_forest,comparison,fixed_incoming_message_rate,macbook_emulated_edge_gateway,Darwin,arm64,3.11.15,12,data/raw/multiview_v2_runs/gradual_run_01.csv,25.0,20.0,500,500,24.99598371776473,102,"{'meter_01': 34, 'meter_02': 34, 'meter_03': 34}",0,0,0.0,20.003213542047888,12.146219274029136,12.994901579804718,11.037169221788645,174.25,174.734375,,,,,6.083447,12.166894,30.412348431976937,2.5343623693314115
4,random_forest,comparison,fixed_incoming_message_rate,macbook_emulated_edge_gateway,Darwin,arm64,3.11.15,12,data/raw/multiview_v2_runs/gradual_run_01.csv,25.0,20.0,500,500,24.998272932127644,102,"{'meter_01': 34, 'meter_02': 34, 'meter_03': 34}",0,0,0.0,20.00138174975291,12.200246970169246,12.923175073228776,11.086506892926991,174.5,174.65625,,,,,6.113537,12.227074,30.565573301332165,2.547131108444347
5,random_forest,comparison,fixed_incoming_message_rate,macbook_emulated_edge_gateway,Darwin,arm64,3.11.15,12,data/raw/multiview_v2_runs/gradual_run_01.csv,25.0,20.0,500,500,24.99372022265739,102,"{'meter_01': 34, 'meter_02': 34, 'meter_03': 34}",0,0,0.0,20.005025084130466,12.170665658079088,12.811777018941939,11.050372989848256,174.453125,174.609375,,,,,6.098300999999999,12.196601999999999,30.483845805510356,2.5403204837925295
